Номер заказа;Состав заказа;кол-во;;;;;;;;;
1;А112Т4;2;;;;;;;;;
2;F635R4;1;;;;;;;;;
3;J384T6;5;;;;;;;;;
4;D329H3;6;;;;;;;;;
5;G432E4;2;;;;;;;;;
6;S634B5;3;;;;;;;;;
7;G531F4;5;;;;;;;;;
8;P764G4;3;;;;;;;;;
9;D364R4;1;;;;;;;;;
10;M542T5;2;;;;;;;;;
1; H782T5;1;;;;;;;;;
2; G783F5;3;;;;;;;;;
3; D572U8;2;;;;;;;;;
4; B320R5;4;;;;;;;;;
5; S213E3;1;;;;;;;;;
6; K345R4;2;;;;;;;;;
7; J542F5;4;;;;;;;;;
8; C436G5;1;;;;;;;;;
9; S326R5;3;;;;;;;;;
10; D268G5;5;;;;;;;;;
;;;;;;;;;;;
;;;;;;;;;;;
;;;;;;;;;;;
;;;;;;;;;;;
;;;;;;;;;;;
;;;;;;;;;;;
;;;;;;;;;;;
;;;;;;;;;;;
;;;;;;;;;;;
;;;;;;;;;;;
;;;;;;;;;;;
;;;;;;;;;;;
;;;;;;;;;;;
;;;;;;;;;;;
;;;;;;;;;;;
;;;;;;;;;;;
;;;;;;;;;;;
;;;;;;;;;;;
;;;;;;;;;;;
;;;;;;;;;;;
;;;;;;;;;;;
;;;;;;;;;;;
;;;;;;;;;;;
;;;;;;;;;;;
;;;;;;;;;;;
;;;;;;;;;;;
;;;;;;;;;;;
;;;;;;;;;;;
;;;;;;;;;;;
;;;;;;;;;;;
;;;;;;;;;;;
;;;;;;;;;;;
;;;;;;;;;;;
