Фамилия;Имя;отчество;Login;Password;Role
Герасимов;Вячеслав;Ростиславович;loginDEftn2018;gPq+a};1
Суворов;Всеволод;Богданович;loginDEhuv2018;EJFYzS;2
Ширяев;Иван;Игоревич;loginDEfhd2018;{4wU7n;3
Колобова;Иванна;Геннадьевна;loginDEaon2018;&OmaNE;1
Шестаков;Антон;Константинович;loginDEyat2018;ELSTyH;2
Игнатьев;Федосей;Богданович;loginDEmin2018;pQ6jze;2
Горбунов;Валентин;Григорьевич;loginDEzal2018;zbU8R5;2
Терентьева;Анжела;Михаиловна;loginDEemw2018;NxhF5I;3
Мясникова;Ия;Евсеевна;loginDEmqt2018;SIasu5;1
Горбунов;Григорий;Денисович;loginDEpxx2018;Xv{vjN;2
Герасимов;Олег;Авксентьевич;loginDEetv2018;lNi&rF;2
Меркушева;Нинель;Матвеевна;loginDEonq2018;mKIIRQ;1
Степанов;Григорий;Матвеевич;loginDErhl2018;U}rb9j;3
Агафонов;Владлен;Станиславович;loginDEfou2018;O+S9hm;1
Кузнецов;Фрол;Георгьевич;loginDElno2018;le1vt2;2
Игнатьев;Борис;Владиславович;loginDEtbx2018;CQplH|;2
Симонов;Юрий;Созонович;loginDEltw2018;zvjkwE;3
Степанов;Евсей;Федотович;loginDEfuz2018;ILry03;2
Зыков;Вячеслав;Антонович;loginDEygj2018;7b6PUb;2
Анисимова;Алина;Протасьевна;loginDEwpn2018;9BBkXP;1
Артемьева;Лариса;Макаровна;loginDEyix2018;6zbXg*;2
Мамонтова;Ия;Христофоровна;loginDEtms2018;70Z&Zy;3
Котова;Светлана;Леонидовна;loginDEmgl2018;QJNgD&;2
Фёдорова;Алла;Брониславовна;loginDEhix2018;ZKnd*0;1
Гущина;Анжела;Аркадьевна;loginDEwbk2018;iJMh5B;2
Дмитриев;Григорий;Мэлорович;loginDEpwa2018;yn5MLQ;2
Дроздова;Фёкла;Митрофановна;loginDElrx2018;lbX+dF;1
Гаврилов;Василий;Германович;loginDEidx2018;R2j0mn;2
Суханова;Фаина;Юрьевна;loginDEzmk2018;ZrgBk6;1
Савельев;Егор;Сергеевич;loginDEvje2018;gCU1fd;1
Кирилов;Иван;Сергеевич;loginDEwun2018;gCU1fd;1
Сазонова;Клавдия;Евгеньевна;loginDEfzq2018;36H8f};3
Шаров;Григорий;Созонович;loginDEwel2018;UU5FTi;1
Щербаков;Кондрат;Фёдорович;loginDEljg2018;CT44Gc;1
Дроздов;Дмитрий;Юлианович;loginDEgsp2018;9ACW}r;1
Молчанов;Юрий;Лукьянович;loginDEjvp2018;etLGcB;3
Тихонов;Валентин;Авдеевич;loginDEapt2018;cwx{RH;1
Виноградов;Юрий;Лукьевич;loginDEilb2018;IN2Ahc;2
Горбунова;Нинель;Сергеевна;loginDErch2018;|&DFy+;1
Маслов;Леонид;Николаевич;loginDEfwx2018;t|*wCk;2
Родионова;Венера;Арсеньевна;loginDEggp2018;bBNxJb;2
Агафонов;Пантелеймон;Гордеевич;loginDEbgb2018;VtmP58;2
Кудрявцев;Гордей;Авксентьевич;loginDEnif2018;Nhj*t+;2
Лыткина;Алевтина;Романовна;loginDEsvs2018;tLgPnC;2
Князев;Геласий;Евсеевич;loginDEghx2018;gue+iw;2
Бирюкова;Пелагея;Дмитрьевна;loginDElmy2018;X2LtuP;2
Быков;Лаврентий;Ярославович;loginDEevd2018;GMbcZN;1
Воронов;Олег;Яковович;loginDEodd2018;s2|Eb1;1
Богданова;Марфа;Владимировна;loginDEmrj2018;blrD&8;3
Беляев;Донат;Агафонович;loginDEyct2018;uD+|Ud;3
